[{"id":"user-image-e861249b1547a7ffaeb1c8b4f5277bac.jpeg","publicUrl":"np://user.desktop.nicepage.com/Site_81031390/images/e861249b1547a7ffaeb1c8b4f5277bac.jpeg","size":180011,"hash":"gCajuHSp30EfkYHfc8sQ4ntY9Tc=","fileName":"e861249b1547a7ffaeb1c8b4f5277bac.jpeg","name":"e861249b1547a7ffaeb1c8b4f5277bac","width":1260,"height":602,"thumbnail":{"url":"np://user.desktop.nicepage.com/Site_81031390/images/thumbnails/e861249b1547a7ffaeb1c8b4f5277bac.jpeg","width":250,"height":119},"folderId":null,"originalUrl":"//images01.nicepage.com/e8/61/e861249b1547a7ffaeb1c8b4f5277bac.jpeg","usages":["595019590"]},{"id":"user-image-e7a89d56496fd515373df8a95dd18090.jpeg","publicUrl":"np://user.desktop.nicepage.com/Site_81031390/images/e7a89d56496fd515373df8a95dd18090.jpeg","size":271973,"hash":"FlTVFk+Fy+htwVXuhH6Oy144QDE=","fileName":"e7a89d56496fd515373df8a95dd18090.jpeg","name":"e7a89d56496fd515373df8a95dd18090","width":750,"height":750,"thumbnail":{"url":"np://user.desktop.nicepage.com/Site_81031390/images/thumbnails/e7a89d56496fd515373df8a95dd18090.jpeg","width":250,"height":250},"folderId":null,"originalUrl":"//images01.nicepage.com/e7/a8/e7a89d56496fd515373df8a95dd18090.jpeg","usages":["595019590"]},{"id":"user-image-20d89cff3f2a5cf9f729895a2163809d.png","publicUrl":"np://user.desktop.nicepage.com/Site_81031390/images/20d89cff3f2a5cf9f729895a2163809d.png","size":178547,"hash":"Ew2tRW6+G1EQl24pAqOi3BirGQY=","fileName":"20d89cff3f2a5cf9f729895a2163809d.png","name":"20d89cff3f2a5cf9f729895a2163809d","width":983,"height":462,"thumbnail":{"url":"np://user.desktop.nicepage.com/Site_81031390/images/thumbnails/20d89cff3f2a5cf9f729895a2163809d.png","width":250,"height":117},"folderId":null,"originalUrl":"//images01.nicepage.com/20/d8/20d89cff3f2a5cf9f729895a2163809d.png","usages":["595019590"]},{"id":"user-image-129b9782c063f230de21b1c95d7e9dff.png","publicUrl":"np://user.desktop.nicepage.com/Site_81031390/images/129b9782c063f230de21b1c95d7e9dff.png","size":280601,"hash":"IDvQWRIQ1hoUxii9Obj2vVYvLi0=","fileName":"129b9782c063f230de21b1c95d7e9dff.png","name":"129b9782c063f230de21b1c95d7e9dff","width":500,"height":662,"thumbnail":{"url":"np://user.desktop.nicepage.com/Site_81031390/images/thumbnails/129b9782c063f230de21b1c95d7e9dff.png","width":189,"height":250},"folderId":null,"originalUrl":"//images01.nicepage.com/12/9b/129b9782c063f230de21b1c95d7e9dff.png","usages":["595019590"]},{"id":"user-image-e1fc54b16fcb95d88d6dff04f2a80290.png","publicUrl":"np://user.desktop.nicepage.com/Site_81031390/images/e1fc54b16fcb95d88d6dff04f2a80290.png","size":39713,"hash":"O94w5CaT+yqzwt9hrnfNOvCMORk=","fileName":"e1fc54b16fcb95d88d6dff04f2a80290.png","name":"e1fc54b16fcb95d88d6dff04f2a80290","width":1920,"height":1306,"thumbnail":{"url":"np://user.desktop.nicepage.com/Site_81031390/images/thumbnails/e1fc54b16fcb95d88d6dff04f2a80290.png","width":250,"height":170},"folderId":null,"originalUrl":"//images01.nicepage.com/e1/fc/e1fc54b16fcb95d88d6dff04f2a80290.png","usages":["595019590"]},{"id":"user-image-e49c6d125083bdc5b96786638f19fe79.png","publicUrl":"np://user.desktop.nicepage.com/Site_81031390/images/e49c6d125083bdc5b96786638f19fe79.png","size":384637,"hash":"pl8Kx5G8AYd+yOkPuX++U0vueCI=","fileName":"e49c6d125083bdc5b96786638f19fe79.png","name":"e49c6d125083bdc5b96786638f19fe79","width":1324,"height":750,"thumbnail":{"url":"np://user.desktop.nicepage.com/Site_81031390/images/thumbnails/e49c6d125083bdc5b96786638f19fe79.png","width":250,"height":142},"folderId":null,"originalUrl":"//images01.nicepage.com/e4/9c/e49c6d125083bdc5b96786638f19fe79.png","usages":["595019590"]},{"id":"user-image-edbe9a14ee5577955adc35d8c529a5c5.png","publicUrl":"np://user.desktop.nicepage.com/Site_81031390/images/edbe9a14ee5577955adc35d8c529a5c5.png","size":799615,"hash":"d7Ne6C/dCwlItghTFRPZA2tU6D8=","fileName":"edbe9a14ee5577955adc35d8c529a5c5.png","name":"edbe9a14ee5577955adc35d8c529a5c5","width":1270,"height":864,"thumbnail":{"url":"np://user.desktop.nicepage.com/Site_81031390/images/thumbnails/edbe9a14ee5577955adc35d8c529a5c5.png","width":250,"height":170},"folderId":null,"originalUrl":"//images01.nicepage.com/ed/be/edbe9a14ee5577955adc35d8c529a5c5.png","usages":["595019590"]},{"id":"user-image-b431882e0178866ceba907d0e9c72676.png","publicUrl":"np://user.desktop.nicepage.com/Site_81031390/images/b431882e0178866ceba907d0e9c72676.png","size":413703,"hash":"byBwD30ieDhnOZgc7Bv3abbTCbs=","fileName":"b431882e0178866ceba907d0e9c72676.png","name":"b431882e0178866ceba907d0e9c72676","width":925,"height":619,"thumbnail":{"url":"np://user.desktop.nicepage.com/Site_81031390/images/thumbnails/b431882e0178866ceba907d0e9c72676.png","width":250,"height":167},"folderId":null,"originalUrl":"//images01.nicepage.com/b4/31/b431882e0178866ceba907d0e9c72676.png","usages":["595019590"]},{"id":"user-image-2ac791c91af8d355accfea19237e2709.png","publicUrl":"np://user.desktop.nicepage.com/Site_81031390/images/2ac791c91af8d355accfea19237e2709.png","size":36418,"hash":"RResF0PWJYzOFN1XzRCMXiWmPig=","fileName":"2ac791c91af8d355accfea19237e2709.png","name":"2ac791c91af8d355accfea19237e2709","width":1920,"height":1306,"thumbnail":{"url":"np://user.desktop.nicepage.com/Site_81031390/images/thumbnails/2ac791c91af8d355accfea19237e2709.png","width":250,"height":170},"folderId":null,"originalUrl":"//images01.nicepage.com/2a/c7/2ac791c91af8d355accfea19237e2709.png","usages":["595019590"]}]